Unnamed: 0,work_year,experience_level,job_title,salary_currency,salary_in_usd,employee_residence,remote_ratio,company_size,is_large_company
1,2022,4,ML Engineer,USD,195133,DE,0,M,1
2,2022,3,ML Engineer,USD,199478,US,0,M,1
3,2023,4,ML Engineer,USD,81536,UK,50,M,1
4,2021,3,ML Engineer,USD,98541,DE,0,L,1
5,2023,1,ML Engineer,USD,149083,US,0,L,0
6,2023,1,ML Engineer,USD,121027,IN,0,S,0
7,2022,3,ML Engineer,USD,104531,DE,100,L,0
8,2022,1,ML Engineer,USD,78712,DE,0,L,0
9,2020,2,ML Engineer,USD,174101,IN,100,M,0
10,2020,4,ML Engineer,USD,135455,IN,100,L,1
11,2023,2,ML Engineer,USD,144744,DE,0,M,0
12,2021,4,ML Engineer,USD,191787,IN,100,S,1
13,2022,1,ML Engineer,USD,199749,UK,0,S,0
14,2022,2,ML Engineer,USD,75109,UK,50,L,0
15,2023,1,ML Engineer,USD,191332,UK,50,S,0
16,2020,4,ML Engineer,USD,119268,DE,50,L,0
17,2021,3,ML Engineer,USD,170737,IN,50,S,0
18,2020,3,ML Engineer,USD,124615,IN,100,M,1
19,2020,2,ML Engineer,USD,152503,US,0,M,1
20,2020,1,ML Engineer,USD,193274,US,0,M,1
21,2020,1,ML Engineer,USD,99759,IN,0,M,0
22,2022,2,ML Engineer,USD,155708,IN,50,L,0
23,2022,3,ML Engineer,USD,130112,IN,50,S,1
24,2020,4,ML Engineer,USD,172471,DE,0,L,0
25,2021,2,ML Engineer,USD,196740,IN,50,M,0
26,2023,4,ML Engineer,USD,193153,US,0,L,1
27,2021,3,ML Engineer,USD,96589,DE,0,S,0
28,2021,1,ML Engineer,USD,100015,IN,0,L,1
29,2021,3,ML Engineer,USD,99009,US,0,S,0
30,2020,2,ML Engineer,USD,153309,DE,0,L,1
31,2022,1,ML Engineer,USD,196446,IN,0,S,0
32,2021,2,ML Engineer,USD,132046,IN,0,S,0
33,2020,2,ML Engineer,USD,176661,IN,50,M,1
34,2021,3,ML Engineer,USD,96143,DE,0,S,0
35,2021,2,ML Engineer,USD,76154,US,0,M,0
36,2020,3,ML Engineer,USD,91804,US,50,M,1
37,2022,1,ML Engineer,USD,111688,UK,50,M,0
38,2022,3,ML Engineer,USD,134288,IN,50,L,1
39,2023,1,ML Engineer,USD,121195,UK,0,L,0
40,2020,3,ML Engineer,USD,90581,UK,100,L,0
41,2023,4,ML Engineer,USD,122648,US,100,L,0
42,2023,4,ML Engineer,USD,100087,DE,50,S,0
43,2023,2,ML Engineer,USD,119930,DE,100,S,1
44,2022,3,ML Engineer,USD,102981,US,50,L,0
45,2020,3,ML Engineer,USD,139298,DE,0,S,1
46,2023,1,ML Engineer,USD,116167,UK,100,S,0
47,2020,2,ML Engineer,USD,145304,IN,0,M,0
48,2020,3,ML Engineer,USD,113408,US,100,M,0
49,2022,2,ML Engineer,USD,109499,IN,0,M,0
50,2023,4,ML Engineer,USD,195816,DE,100,M,1
51,2023,3,ML Engineer,USD,122269,IN,0,S,1
52,2020,3,ML Engineer,USD,108559,DE,0,L,1
53,2021,2,ML Engineer,USD,184126,DE,100,S,1
54,2022,3,ML Engineer,USD,144319,UK,0,S,0
55,2022,2,ML Engineer,USD,181925,DE,0,S,1
56,2022,3,ML Engineer,USD,165317,UK,0,M,1
57,2022,1,ML Engineer,USD,166347,UK,100,M,0
58,2023,2,ML Engineer,USD,118787,UK,100,M,0
59,2023,3,ML Engineer,USD,105488,US,0,L,0
60,2021,4,ML Engineer,USD,144441,US,0,S,0
61,2022,3,ML Engineer,USD,144663,DE,100,L,1
62,2022,4,ML Engineer,USD,92431,UK,100,M,1
63,2020,4,ML Engineer,USD,131681,US,0,L,0
64,2023,1,ML Engineer,USD,133483,UK,0,S,0
65,2022,2,ML Engineer,USD,192720,IN,0,S,0
66,2021,3,ML Engineer,USD,119153,IN,50,M,1
67,2021,1,ML Engineer,USD,76368,IN,100,M,1
68,2023,3,ML Engineer,USD,97424,DE,50,L,0
69,2021,4,ML Engineer,USD,182360,UK,100,M,0
70,2021,2,ML Engineer,USD,115004,IN,100,M,1
71,2023,3,ML Engineer,USD,153869,US,100,S,0
72,2022,3,ML Engineer,USD,158652,IN,100,M,0
73,2022,4,ML Engineer,USD,182755,IN,100,M,1
74,2021,3,ML Engineer,USD,126985,IN,100,S,0
75,2021,3,ML Engineer,USD,120069,DE,100,S,1
76,2022,4,ML Engineer,USD,122326,US,50,L,0
77,2023,1,ML Engineer,USD,178737,UK,0,M,0
78,2021,4,ML Engineer,USD,151061,US,0,S,1
79,2020,1,ML Engineer,USD,93398,UK,50,L,1
80,2023,2,ML Engineer,USD,168393,DE,50,L,0
81,2021,1,ML Engineer,USD,120861,DE,50,M,1
82,2021,1,ML Engineer,USD,145897,DE,50,M,0
83,2020,2,ML Engineer,USD,151905,DE,100,L,0
84,2020,1,ML Engineer,USD,197118,UK,0,S,1
85,2022,4,ML Engineer,USD,138577,IN,100,L,0
86,2023,1,ML Engineer,USD,135641,UK,0,M,0
87,2023,2,ML Engineer,USD,79078,US,0,S,1
88,2022,4,ML Engineer,USD,95003,DE,50,S,1
89,2023,2,ML Engineer,USD,132768,DE,100,L,0
90,2023,2,ML Engineer,USD,121047,US,50,M,1
91,2023,3,ML Engineer,USD,141626,UK,100,L,1
92,2023,3,ML Engineer,USD,127660,IN,0,L,1
93,2023,2,ML Engineer,USD,174386,IN,50,L,1
94,2020,2,ML Engineer,USD,119786,US,50,S,0
95,2023,2,ML Engineer,USD,71925,IN,0,S,0
96,2020,3,ML Engineer,USD,153976,UK,0,M,0
97,2023,3,ML Engineer,USD,175221,UK,0,M,1
98,2022,1,ML Engineer,USD,187832,US,50,L,1
99,2021,1,ML Engineer,USD,195150,UK,100,L,1
100,2020,2,ML Engineer,USD,96015,DE,50,L,1
101,2023,4,ML Engineer,USD,103320,US,100,M,1
102,2022,4,ML Engineer,USD,134881,UK,50,S,1
103,2021,3,ML Engineer,USD,160827,US,50,S,1
104,2020,3,ML Engineer,USD,190071,IN,0,L,0
105,2021,3,ML Engineer,USD,172215,UK,100,L,0
106,2022,2,ML Engineer,USD,96289,DE,50,L,1
107,2020,4,ML Engineer,USD,198859,UK,50,L,1
108,2021,1,ML Engineer,USD,73389,US,0,M,1
109,2023,2,ML Engineer,USD,95683,US,0,S,0
110,2020,1,ML Engineer,USD,83629,UK,100,L,0
111,2021,1,ML Engineer,USD,131550,DE,50,M,1
112,2022,2,ML Engineer,USD,94826,DE,100,L,1
113,2022,1,ML Engineer,USD,170734,DE,50,L,0
114,2020,4,ML Engineer,USD,96630,US,100,S,0
115,2021,1,ML Engineer,USD,168762,UK,0,L,0
116,2020,4,ML Engineer,USD,116163,IN,50,S,0
117,2020,4,ML Engineer,USD,168511,US,100,S,1
118,2021,4,ML Engineer,USD,136435,DE,0,S,0
119,2021,3,ML Engineer,USD,81653,UK,0,M,0
120,2023,1,ML Engineer,USD,97961,DE,100,M,1
121,2021,2,ML Engineer,USD,151941,IN,50,S,0
122,2022,2,ML Engineer,USD,144137,DE,50,L,0
123,2020,1,ML Engineer,USD,103662,DE,0,S,0
124,2020,3,ML Engineer,USD,168818,IN,50,L,1
125,2022,3,ML Engineer,USD,126446,UK,50,S,0
126,2021,4,ML Engineer,USD,91288,US,50,L,1
127,2022,1,ML Engineer,USD,192555,UK,0,M,1
128,2022,1,ML Engineer,USD,165081,IN,100,L,0
129,2023,2,ML Engineer,USD,106877,DE,50,S,0
130,2022,1,ML Engineer,USD,181562,UK,0,M,0
131,2020,3,ML Engineer,USD,85313,US,0,L,0
132,2022,1,ML Engineer,USD,150885,IN,100,L,1
133,2020,2,ML Engineer,USD,142715,UK,50,L,0
134,2020,4,ML Engineer,USD,80326,US,50,L,0
135,2020,2,ML Engineer,USD,180091,IN,100,L,0
136,2021,2,ML Engineer,USD,195836,US,100,M,1
137,2023,4,ML Engineer,USD,71560,IN,0,M,0
138,2020,2,ML Engineer,USD,149148,DE,0,M,0
139,2020,2,ML Engineer,USD,153186,UK,100,M,1
140,2021,1,ML Engineer,USD,96745,US,50,S,1
141,2020,1,ML Engineer,USD,101890,IN,0,M,0
142,2022,4,ML Engineer,USD,90022,US,0,L,0
143,2022,1,ML Engineer,USD,193629,US,50,L,0
144,2023,1,ML Engineer,USD,122579,UK,0,M,0
145,2020,2,ML Engineer,USD,140316,DE,50,L,0
146,2021,3,ML Engineer,USD,153847,US,50,M,1
147,2022,1,ML Engineer,USD,98380,IN,50,L,1
148,2021,3,ML Engineer,USD,180198,IN,100,S,0
149,2021,1,ML Engineer,USD,72356,DE,100,S,0
150,2022,1,ML Engineer,USD,140326,IN,100,M,1
151,2021,4,ML Engineer,USD,162447,DE,50,M,0
152,2022,4,ML Engineer,USD,184994,IN,50,M,0
153,2021,4,ML Engineer,USD,159899,UK,100,L,0
154,2022,3,ML Engineer,USD,90049,US,0,M,0
155,2020,2,ML Engineer,USD,145717,UK,50,S,0
156,2023,1,ML Engineer,USD,175361,US,0,L,1
157,2022,1,ML Engineer,USD,86082,US,0,M,0
158,2022,1,ML Engineer,USD,70661,US,50,L,0
159,2023,3,ML Engineer,USD,107412,UK,50,L,0
160,2022,4,ML Engineer,USD,184015,US,0,M,1
161,2022,2,ML Engineer,USD,193191,UK,0,L,1
162,2021,3,ML Engineer,USD,72920,DE,100,S,1
163,2023,4,ML Engineer,USD,161194,IN,100,S,1
164,2020,3,ML Engineer,USD,184306,IN,50,L,0
165,2022,2,ML Engineer,USD,130315,US,100,M,1
166,2023,4,ML Engineer,USD,149561,UK,100,L,0
167,2021,3,ML Engineer,USD,78946,IN,100,S,0
168,2020,2,ML Engineer,USD,164242,UK,100,L,1
169,2023,1,ML Engineer,USD,115500,UK,0,L,1
170,2020,2,ML Engineer,USD,174540,US,50,S,1
171,2020,1,ML Engineer,USD,86309,IN,100,L,1
172,2020,3,ML Engineer,USD,125230,US,0,L,1
173,2022,4,ML Engineer,USD,181822,US,0,M,0
174,2022,4,ML Engineer,USD,168656,IN,0,M,1
175,2021,3,ML Engineer,USD,193782,IN,100,S,1
176,2021,4,ML Engineer,USD,100027,DE,100,S,1
177,2023,4,ML Engineer,USD,196768,DE,50,S,0
178,2021,1,ML Engineer,USD,142541,UK,100,M,1
179,2020,3,ML Engineer,USD,182340,IN,100,S,0
180,2020,2,ML Engineer,USD,184846,DE,0,S,1
181,2022,1,ML Engineer,USD,129321,UK,50,S,1
182,2020,3,ML Engineer,USD,70956,UK,100,M,0
183,2023,1,ML Engineer,USD,170375,UK,100,L,1
184,2020,2,ML Engineer,USD,144131,DE,0,S,0
185,2020,2,ML Engineer,USD,117908,IN,0,L,0
186,2023,3,ML Engineer,USD,148339,US,100,S,0
187,2021,2,ML Engineer,USD,195659,UK,50,L,1
188,2021,1,ML Engineer,USD,95963,DE,50,M,1
189,2023,2,ML Engineer,USD,171757,DE,0,M,1
190,2022,1,ML Engineer,USD,109443,US,0,S,0
191,2020,1,ML Engineer,USD,169259,US,100,L,1
192,2023,2,ML Engineer,USD,109063,DE,0,M,0
193,2020,3,ML Engineer,USD,184225,IN,100,S,1
194,2022,4,ML Engineer,USD,186400,US,50,S,0
195,2020,2,ML Engineer,USD,150818,DE,50,M,0
196,2023,1,ML Engineer,USD,74703,US,100,M,0
197,2020,1,ML Engineer,USD,135128,IN,0,S,1
198,2021,2,ML Engineer,USD,142099,UK,50,L,0
199,2022,3,ML Engineer,USD,95849,US,0,L,0
200,2022,3,ML Engineer,USD,101860,IN,50,L,0
201,2022,1,ML Engineer,USD,101585,DE,100,S,0
202,2023,1,ML Engineer,USD,92015,US,100,M,0
203,2022,3,ML Engineer,USD,147539,US,100,S,0
204,2021,4,ML Engineer,USD,113585,DE,50,M,1
205,2023,2,ML Engineer,USD,96958,UK,0,L,1
206,2021,1,ML Engineer,USD,96017,DE,0,L,0
207,2020,1,ML Engineer,USD,146707,US,0,M,1
208,2020,3,ML Engineer,USD,194677,DE,50,M,1
209,2020,2,ML Engineer,USD,115350,IN,50,S,0
210,2020,3,ML Engineer,USD,82201,DE,50,L,0
211,2021,2,ML Engineer,USD,99426,US,50,S,0
212,2023,2,ML Engineer,USD,87778,DE,50,S,1
213,2023,2,ML Engineer,USD,115241,UK,0,S,0
214,2022,1,ML Engineer,USD,112229,DE,50,L,1
215,2021,4,ML Engineer,USD,156652,UK,50,S,0
216,2020,3,ML Engineer,USD,198267,IN,0,S,1
217,2021,4,ML Engineer,USD,188402,UK,50,S,0
218,2022,3,ML Engineer,USD,118364,DE,0,S,0
219,2022,2,ML Engineer,USD,168833,US,0,S,1
220,2021,1,ML Engineer,USD,196503,UK,100,S,1
221,2021,4,ML Engineer,USD,199044,IN,100,L,1
222,2021,1,ML Engineer,USD,154878,UK,100,S,1
223,2023,3,ML Engineer,USD,127056,UK,100,M,1
224,2020,1,ML Engineer,USD,97490,UK,50,S,1
225,2021,1,ML Engineer,USD,197769,IN,100,S,0
226,2021,4,ML Engineer,USD,89975,DE,0,L,1
227,2021,2,ML Engineer,USD,96723,UK,50,L,0
228,2022,1,ML Engineer,USD,93279,UK,100,M,0
229,2022,2,ML Engineer,USD,148301,US,0,M,1
230,2023,3,ML Engineer,USD,182214,IN,50,L,0
231,2020,1,ML Engineer,USD,81561,UK,50,L,1
232,2023,4,ML Engineer,USD,177435,IN,100,S,1
233,2020,3,ML Engineer,USD,136061,UK,50,L,0
234,2022,3,ML Engineer,USD,158397,DE,0,M,0
235,2022,4,ML Engineer,USD,119153,DE,50,S,1
236,2022,1,ML Engineer,USD,103142,UK,0,M,1
237,2023,1,ML Engineer,USD,96916,DE,50,S,0
238,2021,3,ML Engineer,USD,134324,UK,100,L,0
239,2021,1,ML Engineer,USD,114965,DE,0,M,0
240,2022,2,ML Engineer,USD,195932,US,50,S,0
241,2021,4,ML Engineer,USD,74648,US,50,S,1
242,2021,2,ML Engineer,USD,105133,US,50,L,1
243,2023,1,ML Engineer,USD,120677,IN,0,L,1
244,2020,3,ML Engineer,USD,166059,IN,0,L,1
245,2022,4,ML Engineer,USD,164588,US,0,M,0
246,2022,1,ML Engineer,USD,169950,IN,100,S,0
247,2023,1,ML Engineer,USD,168317,DE,100,L,1
248,2023,3,ML Engineer,USD,140135,UK,0,M,1
249,2021,3,ML Engineer,USD,105046,UK,50,M,1
250,2022,2,ML Engineer,USD,117064,UK,100,M,1
251,2020,4,ML Engineer,USD,171459,US,0,L,1
252,2023,4,ML Engineer,USD,176625,IN,50,L,1
253,2020,3,ML Engineer,USD,139350,DE,100,S,1
254,2020,2,ML Engineer,USD,115893,DE,50,S,1
255,2022,4,ML Engineer,USD,171520,US,50,L,1
256,2022,3,ML Engineer,USD,195818,DE,50,M,0
257,2023,1,ML Engineer,USD,131272,DE,50,M,1
258,2022,4,ML Engineer,USD,162152,DE,100,M,0
259,2022,2,ML Engineer,USD,192907,DE,100,S,0
260,2022,2,ML Engineer,USD,137649,IN,100,M,1
261,2020,2,ML Engineer,USD,134674,DE,0,S,1
262,2023,1,ML Engineer,USD,194132,UK,100,S,0
263,2021,4,ML Engineer,USD,189044,US,50,M,0
264,2020,4,ML Engineer,USD,178542,IN,100,M,1
265,2022,1,ML Engineer,USD,83760,DE,50,L,0
266,2020,4,ML Engineer,USD,91927,IN,0,L,1
267,2022,1,ML Engineer,USD,156475,DE,50,M,1
268,2022,1,ML Engineer,USD,131367,UK,50,S,1
269,2020,1,ML Engineer,USD,167955,US,50,S,0
270,2023,2,ML Engineer,USD,82588,DE,0,S,0
271,2022,4,ML Engineer,USD,191750,DE,100,S,1
272,2023,1,ML Engineer,USD,171678,DE,100,S,0
273,2021,4,ML Engineer,USD,174734,DE,0,L,0
274,2022,2,ML Engineer,USD,188154,US,50,M,0
275,2023,1,ML Engineer,USD,122233,US,100,L,0
276,2023,3,ML Engineer,USD,114738,UK,0,S,0
277,2021,2,ML Engineer,USD,103397,US,100,S,0
278,2023,3,ML Engineer,USD,152189,DE,0,S,0
279,2023,4,ML Engineer,USD,146367,UK,50,S,1
280,2021,4,ML Engineer,USD,194873,UK,100,M,0
281,2022,2,ML Engineer,USD,141260,UK,0,S,0
282,2023,4,ML Engineer,USD,190585,DE,100,M,0
283,2023,3,ML Engineer,USD,146619,IN,100,S,0
284,2023,1,ML Engineer,USD,181453,DE,100,M,0
285,2020,1,ML Engineer,USD,89816,US,100,L,0
286,2021,1,ML Engineer,USD,112240,US,0,S,0
287,2020,2,ML Engineer,USD,76276,DE,50,M,0
288,2021,4,ML Engineer,USD,183939,DE,0,L,1
289,2022,3,ML Engineer,USD,174199,UK,0,S,0
290,2022,4,ML Engineer,USD,149530,DE,0,S,0
291,2023,4,ML Engineer,USD,93499,UK,50,S,0
292,2021,4,ML Engineer,USD,158576,US,100,M,0
293,2022,1,ML Engineer,USD,178856,UK,100,M,1
294,2021,3,ML Engineer,USD,152495,DE,100,L,1
295,2022,3,ML Engineer,USD,191717,US,50,M,1
296,2020,4,ML Engineer,USD,141635,IN,100,M,1
297,2022,1,ML Engineer,USD,177803,UK,50,S,1
298,2020,1,ML Engineer,USD,155112,US,100,S,1
299,2022,3,ML Engineer,USD,105946,UK,100,S,1
300,2023,1,ML Engineer,USD,125204,US,0,S,1
301,2020,1,ML Engineer,USD,121886,US,50,S,1
302,2022,1,ML Engineer,USD,141652,UK,0,S,1
303,2023,2,ML Engineer,USD,85563,IN,0,S,1
304,2020,4,ML Engineer,USD,162324,US,0,L,1
305,2023,3,ML Engineer,USD,162464,US,50,L,1
306,2021,3,ML Engineer,USD,171872,US,50,L,1
307,2021,2,ML Engineer,USD,79847,IN,100,L,1
308,2020,4,ML Engineer,USD,96155,IN,0,S,1
309,2022,3,ML Engineer,USD,149671,DE,100,L,0
310,2020,1,ML Engineer,USD,186891,UK,0,S,1
311,2023,3,ML Engineer,USD,153310,IN,50,L,0
312,2022,1,ML Engineer,USD,137278,UK,50,M,1
313,2021,2,ML Engineer,USD,88309,DE,50,L,1
314,2022,1,ML Engineer,USD,70619,UK,0,L,0
315,2021,3,ML Engineer,USD,153194,IN,50,S,1
316,2022,3,ML Engineer,USD,120108,UK,0,L,0
317,2022,3,ML Engineer,USD,104707,IN,100,M,0
318,2022,2,ML Engineer,USD,90337,UK,0,S,0
319,2023,2,ML Engineer,USD,195261,IN,100,S,1
320,2023,4,ML Engineer,USD,151537,IN,0,L,1
321,2020,3,ML Engineer,USD,136504,UK,100,S,1
322,2020,1,ML Engineer,USD,117614,DE,50,S,0
323,2021,2,ML Engineer,USD,161428,US,100,S,0
324,2023,3,ML Engineer,USD,161155,DE,50,S,1
325,2021,3,ML Engineer,USD,70281,UK,50,S,1
326,2020,2,ML Engineer,USD,97420,DE,100,S,1
327,2021,4,ML Engineer,USD,150896,IN,0,M,1
328,2020,2,ML Engineer,USD,109030,US,0,L,1
329,2023,2,ML Engineer,USD,71058,UK,0,M,0
330,2022,1,ML Engineer,USD,156213,UK,0,S,0
331,2023,1,ML Engineer,USD,146260,UK,0,S,0
332,2021,4,ML Engineer,USD,98404,US,50,L,1
333,2021,3,ML Engineer,USD,173482,IN,0,M,0
334,2023,2,ML Engineer,USD,175284,UK,50,L,0
335,2023,4,ML Engineer,USD,99856,DE,50,M,0
336,2020,1,ML Engineer,USD,79200,UK,50,S,0
337,2021,2,ML Engineer,USD,134178,UK,100,L,0
338,2021,3,ML Engineer,USD,103997,UK,100,L,1
339,2023,1,ML Engineer,USD,95611,UK,50,S,0
340,2022,1,ML Engineer,USD,189273,IN,100,L,1
341,2021,1,ML Engineer,USD,111235,DE,0,M,1
342,2022,4,ML Engineer,USD,187428,IN,0,M,1
343,2023,3,ML Engineer,USD,105057,DE,50,M,1
344,2023,2,ML Engineer,USD,71239,UK,0,M,1
345,2020,4,ML Engineer,USD,173674,US,50,S,0
346,2021,4,ML Engineer,USD,184474,IN,50,L,0
347,2022,4,ML Engineer,USD,135661,US,0,M,1
348,2020,1,ML Engineer,USD,196945,IN,100,S,1
349,2021,3,ML Engineer,USD,115272,UK,0,L,1
350,2020,4,ML Engineer,USD,159393,IN,0,L,0
351,2023,2,ML Engineer,USD,131212,UK,50,S,1
352,2021,3,ML Engineer,USD,194088,IN,50,S,0
353,2020,2,ML Engineer,USD,85398,UK,50,M,1
354,2020,3,ML Engineer,USD,190030,UK,50,L,0
355,2022,2,ML Engineer,USD,126503,DE,100,L,1
356,2020,1,ML Engineer,USD,76638,UK,100,S,0
357,2021,4,ML Engineer,USD,76570,DE,100,L,1
358,2021,2,ML Engineer,USD,138785,UK,50,M,0
359,2022,3,ML Engineer,USD,79110,US,50,L,0
360,2021,4,ML Engineer,USD,175899,UK,50,S,0
361,2023,4,ML Engineer,USD,149141,US,100,S,0
362,2021,3,ML Engineer,USD,82115,US,50,M,0
363,2021,2,ML Engineer,USD,109062,UK,0,M,0
364,2020,1,ML Engineer,USD,92911,US,0,L,0
365,2020,1,ML Engineer,USD,174061,DE,50,L,1
366,2021,2,ML Engineer,USD,102556,IN,0,S,1
367,2022,4,ML Engineer,USD,148131,UK,0,M,1
368,2020,4,ML Engineer,USD,198335,US,100,M,1
369,2022,4,ML Engineer,USD,71969,UK,50,M,1
370,2021,4,ML Engineer,USD,113753,DE,50,L,0
371,2021,2,ML Engineer,USD,152811,UK,100,M,0
372,2023,4,ML Engineer,USD,74470,UK,0,S,0
373,2020,3,ML Engineer,USD,191863,US,0,S,0
374,2021,4,ML Engineer,USD,80225,DE,50,L,0
375,2023,1,ML Engineer,USD,177860,IN,0,L,1
376,2020,4,ML Engineer,USD,193008,IN,100,M,1
377,2021,2,ML Engineer,USD,177510,US,100,L,1
378,2021,1,ML Engineer,USD,178295,UK,50,S,1
379,2020,2,ML Engineer,USD,93196,US,100,M,0
380,2020,2,ML Engineer,USD,175823,US,100,S,0
381,2020,1,ML Engineer,USD,83669,US,50,M,0
382,2021,2,ML Engineer,USD,107380,UK,100,L,1
383,2021,2,ML Engineer,USD,194398,DE,100,M,0
384,2023,4,ML Engineer,USD,180677,US,100,M,1
385,2022,3,ML Engineer,USD,185886,UK,0,S,0
386,2020,2,ML Engineer,USD,196753,DE,50,S,0
387,2021,2,ML Engineer,USD,118320,US,50,M,1
388,2021,2,ML Engineer,USD,117414,IN,50,L,0
389,2020,4,ML Engineer,USD,173542,DE,0,L,0
390,2022,3,ML Engineer,USD,85577,US,0,S,1
391,2020,1,ML Engineer,USD,195354,DE,50,L,0
392,2022,4,ML Engineer,USD,158009,DE,0,S,1
393,2021,4,ML Engineer,USD,196365,DE,50,L,0
394,2022,3,ML Engineer,USD,125409,DE,0,M,0
395,2023,3,ML Engineer,USD,98625,DE,100,S,0
396,2021,4,ML Engineer,USD,151040,DE,100,S,0
397,2023,1,ML Engineer,USD,94089,US,50,M,0
398,2020,4,ML Engineer,USD,106487,IN,0,S,0
399,2020,3,ML Engineer,USD,135838,UK,0,L,0
400,2020,1,ML Engineer,USD,166999,DE,100,L,0
401,2022,3,ML Engineer,USD,180448,UK,100,S,1
402,2021,1,ML Engineer,USD,164795,US,0,L,1
403,2020,2,ML Engineer,USD,120138,DE,0,S,0
404,2020,3,ML Engineer,USD,112823,IN,0,M,0
405,2021,3,ML Engineer,USD,107208,UK,0,S,1
406,2020,4,ML Engineer,USD,124061,DE,0,M,0
407,2023,3,ML Engineer,USD,100659,US,0,L,0
408,2021,3,ML Engineer,USD,199824,IN,50,M,1
409,2021,2,ML Engineer,USD,171376,UK,0,L,0
410,2021,3,ML Engineer,USD,101890,UK,100,S,0
411,2023,2,ML Engineer,USD,149134,DE,50,L,1
412,2021,2,ML Engineer,USD,117055,IN,0,S,0
413,2023,2,ML Engineer,USD,182269,IN,100,S,0
414,2021,2,ML Engineer,USD,89508,IN,50,M,1
415,2022,1,ML Engineer,USD,112287,IN,100,M,0
416,2020,4,ML Engineer,USD,148916,US,0,M,1
417,2022,1,ML Engineer,USD,96984,IN,0,M,0
418,2020,3,ML Engineer,USD,180169,UK,0,L,0
419,2023,1,ML Engineer,USD,78125,UK,0,L,1
420,2022,1,ML Engineer,USD,106059,US,50,L,1
421,2021,3,ML Engineer,USD,139569,UK,50,S,0
422,2020,3,ML Engineer,USD,173409,UK,100,L,1
423,2020,3,ML Engineer,USD,87087,IN,0,L,1
424,2022,1,ML Engineer,USD,176437,UK,100,L,0
425,2023,1,ML Engineer,USD,185262,US,50,M,0
426,2022,3,ML Engineer,USD,75704,IN,0,L,0
427,2023,4,ML Engineer,USD,130576,DE,0,S,1
428,2023,4,ML Engineer,USD,143384,IN,50,M,1
429,2020,2,ML Engineer,USD,157128,US,50,S,1
430,2022,3,ML Engineer,USD,181279,IN,50,L,1
431,2022,2,ML Engineer,USD,142460,IN,50,M,0
432,2023,4,ML Engineer,USD,97208,US,50,S,1
433,2022,2,ML Engineer,USD,188516,IN,0,L,0
434,2021,3,ML Engineer,USD,199612,US,50,S,1
435,2021,3,ML Engineer,USD,155150,US,0,S,0
436,2022,3,ML Engineer,USD,136024,DE,0,S,0
437,2022,1,ML Engineer,USD,109882,UK,50,L,0
438,2023,2,ML Engineer,USD,95923,UK,50,L,1
439,2021,4,ML Engineer,USD,196561,IN,0,S,0
440,2021,4,ML Engineer,USD,184044,IN,50,M,0
441,2020,4,ML Engineer,USD,171477,DE,50,M,1
442,2023,1,ML Engineer,USD,99165,DE,50,L,0
443,2020,1,ML Engineer,USD,137203,DE,100,L,1
444,2021,3,ML Engineer,USD,161749,US,0,L,1
445,2023,4,ML Engineer,USD,74114,DE,100,L,0
446,2022,1,ML Engineer,USD,134965,DE,50,L,0
447,2023,3,ML Engineer,USD,106321,IN,100,M,1
448,2022,4,ML Engineer,USD,143297,DE,50,L,0
449,2022,2,ML Engineer,USD,166652,US,100,S,1
450,2023,3,ML Engineer,USD,169304,US,50,S,1
451,2022,1,ML Engineer,USD,183942,IN,100,M,1
452,2020,1,ML Engineer,USD,95426,DE,100,S,0
453,2021,3,ML Engineer,USD,87772,DE,100,M,1
454,2022,3,ML Engineer,USD,173754,US,0,M,0
455,2020,1,ML Engineer,USD,73712,DE,100,S,0
456,2022,2,ML Engineer,USD,71367,DE,0,L,0
457,2021,4,ML Engineer,USD,176493,DE,50,S,0
458,2020,2,ML Engineer,USD,177317,UK,100,S,1
459,2021,3,ML Engineer,USD,185142,IN,50,M,0
460,2021,2,ML Engineer,USD,161736,UK,50,S,1
461,2020,1,ML Engineer,USD,121924,IN,100,M,1
462,2020,3,ML Engineer,USD,73726,US,0,L,0
463,2020,4,ML Engineer,USD,159152,DE,100,L,1
464,2023,1,ML Engineer,USD,97723,IN,50,L,1
465,2020,1,ML Engineer,USD,196969,UK,50,S,0
466,2020,4,ML Engineer,USD,173110,DE,100,M,1
467,2020,4,ML Engineer,USD,170494,US,0,L,1
468,2020,2,ML Engineer,USD,79108,IN,0,M,1
469,2022,3,ML Engineer,USD,147714,IN,50,M,1
470,2023,4,ML Engineer,USD,105643,IN,50,L,0
471,2021,4,ML Engineer,USD,101324,DE,0,L,1
472,2020,3,ML Engineer,USD,173896,UK,100,M,1
473,2022,4,ML Engineer,USD,153360,UK,50,L,1
474,2022,4,ML Engineer,USD,180896,IN,0,M,1
475,2022,2,ML Engineer,USD,78927,US,50,M,0
476,2021,1,ML Engineer,USD,163680,US,100,L,1
477,2020,1,ML Engineer,USD,166546,UK,0,S,0
478,2023,1,ML Engineer,USD,92443,US,50,L,1
479,2023,1,ML Engineer,USD,149973,UK,100,S,0
480,2022,4,ML Engineer,USD,133449,IN,50,M,0
481,2021,3,ML Engineer,USD,179834,UK,100,M,0
482,2021,3,ML Engineer,USD,175314,UK,100,S,0
483,2021,2,ML Engineer,USD,146743,IN,0,M,0
484,2023,2,ML Engineer,USD,191805,US,100,S,1
485,2022,4,ML Engineer,USD,130233,UK,50,S,1
486,2020,3,ML Engineer,USD,95537,UK,100,M,1
487,2023,3,ML Engineer,USD,171293,IN,100,S,0
488,2022,1,ML Engineer,USD,147576,US,0,L,1
489,2022,4,ML Engineer,USD,177522,UK,100,L,0
490,2020,4,ML Engineer,USD,92612,IN,100,M,0
491,2020,1,ML Engineer,USD,163977,UK,50,M,1
492,2020,4,ML Engineer,USD,76471,DE,0,S,1
493,2021,4,ML Engineer,USD,105631,IN,0,S,0
494,2020,2,ML Engineer,USD,198449,US,0,S,0
495,2022,3,ML Engineer,USD,178997,US,100,S,1
496,2020,4,ML Engineer,USD,162059,US,0,L,1
497,2022,2,ML Engineer,USD,101348,US,100,L,1
498,2023,3,ML Engineer,USD,134732,UK,100,M,1
499,2021,1,ML Engineer,USD,71177,UK,50,S,0
500,2023,2,ML Engineer,USD,74760,US,50,S,1
